date,status,price,buy_conf,sell_conf,buy_action,current_return,sell_action
2023-01-03,idle,14224.12,1.0,,BUY,,
2023-01-04,holding,14199.13,,0.9999938011169434,,0.998243125058,HOLD
2023-01-05,holding,14301.05,,0.9999938011169434,,1.0054084189390977,HOLD
2023-01-06,holding,14373.34,,0.9999938011169434,,1.0104906314063717,HOLD
2023-01-09,holding,14752.21,,0.9999938011169434,,1.0371263740744594,HOLD
2023-01-10,holding,14802.96,,0.9999938011169434,,1.0406942573600333,HOLD
2023-01-11,holding,14751.44,,0.9999938011169434,,1.0370722406728852,HOLD
2023-01-12,holding,14731.64,,0.9999938011169434,,1.0356802389181192,HOLD
2023-01-13,holding,14824.13,,0.9999938011169434,,1.04218257438773,HOLD
2023-01-16,holding,14927.01,,0.9999938011169434,,1.0494153592629982,HOLD
2023-01-17,holding,14932.93,,0.9999938011169434,,1.0498315537270495,HOLD
2023-01-30,holding,15493.82,,0.9999938011169434,,1.0892638701023332,HOLD
2023-01-31,holding,15265.2,,0.9999938011169434,,1.0731911710531126,HOLD
2023-02-01,holding,15420.13,,0.9999938011169434,,1.0840832332685606,HOLD
2023-02-02,holding,15595.16,,0.9999938011169434,,1.096388388174453,HOLD
2023-02-03,holding,15602.66,,0.9999938011169434,,1.0969156615664097,HOLD
2023-02-06,holding,15392.82,,0.9999938011169434,,1.0821632550906488,HOLD
2023-02-07,holding,15400.91,,0.9999938011169434,,1.0827320073227729,HOLD
2023-02-08,holding,15618.17,,0.9999938011169434,,1.0980060629409762,HOLD
2023-02-09,holding,15598.71,,0.9999938011169434,,1.0966379642466457,HOLD
2023-02-10,holding,15586.65,,0.9999938011169434,,1.0957901086323794,HOLD
2023-02-13,holding,15544.28,,0.9999938011169434,,1.0928113654834184,HOLD
2023-02-14,holding,15654.48,,0.9999938011169434,,1.1005587691892362,HOLD
2023-02-15,holding,15432.89,,0.9999938011169434,,1.0849803010660763,HOLD
2023-02-16,holding,15550.5,,0.9999938011169434,,1.0932486508831478,HOLD
2023-02-17,holding,15479.7,,0.9999938011169434,,1.088271190063076,HOLD
2023-02-20,holding,15551.23,,0.9999938011169434,,1.0932999721599648,HOLD
2023-02-21,holding,15563.0,,0.9999938011169434,,1.0941274398697423,HOLD
2023-02-22,holding,15418.77,,0.9999938011169434,,1.0839876210268191,HOLD
2023-02-23,holding,15615.41,,0.9999938011169434,,1.0978120263327362,HOLD
2023-02-24,holding,15503.79,,0.9999938011169434,,1.089964792198041,HOLD
2023-03-01,holding,15598.49,,0.9999938011169434,,1.0966224975604817,HOLD
2023-03-02,holding,15598.72,,0.9999938011169434,,1.096638667277835,HOLD
2023-03-03,holding,15608.42,,0.9999938011169434,,1.0973206075314326,HOLD
2023-03-06,holding,15763.51,,0.9999938011169434,,1.108223918245909,HOLD
2023-03-07,holding,15857.89,,0.9999938011169434,,1.1148591266102927,HOLD
2023-03-08,holding,15818.2,,0.9999938011169434,,1.1120687958200577,HOLD
2023-03-09,holding,15770.66,,0.9999938011169434,,1.1087265855462412,HOLD
2023-03-10,holding,15526.2,,0.9999938011169434,,1.0915402850932079,HOLD
2023-03-13,holding,15560.49,,0.9999938011169434,,1.093950979041234,HOLD
2023-03-14,holding,15360.42,,0.9999938011169434,,1.0798854340373956,HOLD
2023-03-15,holding,15387.59,,0.9999938011169434,,1.0817955697786577,HOLD
2023-03-16,holding,15221.12,,0.9999938011169434,,1.0700922095707854,HOLD
2023-03-17,holding,15452.96,,0.9999938011169434,,1.0863912846629526,HOLD
2023-03-20,holding,15419.97,,0.9999938011169434,,1.0840719847695321,HOLD
2023-03-21,holding,15513.45,,0.9999938011169434,,1.0906439203268814,HOLD
2023-03-22,holding,15760.46,,0.9999938011169434,,1.10800949373318,HOLD
2023-03-23,holding,15863.95,,0.9999938011169434,,1.115285163510994,HOLD
2023-03-24,holding,15914.7,,0.9999938011169434,,1.118853046796568,HOLD
2023-03-27,holding,15830.31,,0.9999938011169434,,1.1129201665902706,HOLD
2023-03-28,holding,15701.48,,0.9999938011169434,,1.1038630157788318,HOLD
2023-03-29,holding,15769.76,,0.9999938011169434,,1.1086633127392063,HOLD
2023-03-30,holding,15849.43,,0.9999938011169434,,1.1142643622241657,HOLD
2023-03-31,holding,15868.06,,0.9999938011169434,,1.1155741093297862,HOLD
2023-04-06,holding,15810.77,,0.9999938011169434,,1.111546443646426,HOLD
2023-04-07,holding,15836.5,,0.9999938011169434,,1.1133553428964322,HOLD
2023-04-10,holding,15876.17,,0.9999938011169434,,1.1161442676242888,HOLD
2023-04-11,holding,15913.88,,0.9999938011169434,,1.1187953982390473,HOLD
2023-04-12,holding,15932.97,,0.9999938011169434,,1.1201374847793746,HOLD
2023-04-13,holding,15804.76,,0.9999938011169434,,1.1111239219016713,HOLD
2023-04-14,holding,15929.43,,0.9999938011169434,,1.119888611738371,HOLD
2023-04-17,holding,15963.55,,0.9999938011169434,,1.1222873541561798,HOLD
2023-04-18,holding,15869.44,,0.9999938011169434,,1.1156711276339064,HOLD
2023-04-19,holding,15770.47,,0.9999938011169434,,1.108713227953645,HOLD
2023-04-20,holding,15707.52,,0.9999938011169434,,1.1042876466171545,HOLD
2023-04-21,holding,15602.99,,0.9999938011169434,,1.0969388615956557,HOLD
2023-04-24,holding,15626.87,,0.9999938011169434,,1.098617700075646,HOLD
2023-04-25,holding,15370.73,,0.9999938011169434,,1.0806102591935387,HOLD
2023-04-26,holding,15374.63,,0.9999938011169434,,1.0808844413573562,HOLD
2023-04-27,holding,15411.49,,0.9999938011169434,,1.0834758143210264,HOLD
2023-04-28,holding,15579.18,,0.9999938011169434,,1.0952649443339904,HOLD
2023-05-02,holding,15636.48,,0.9999938011169434,,1.09929331304854,HOLD
2023-05-03,holding,15553.41,,0.9999938011169434,,1.093453232959227,HOLD
2023-05-04,holding,15609.03,,0.9999938011169434,,1.0973634924339783,HOLD
2023-05-05,holding,15626.07,,0.9999938011169434,,1.098561457580504,HOLD
2023-05-08,holding,15699.57,,0.9999938011169434,,1.1037287368216804,HOLD
2023-05-09,holding,15727.7,,0.9999938011169434,,1.105706363557113,HOLD
2023-05-10,holding,15641.76,,0.9999938011169434,,1.0996645135164775,HOLD
2023-05-11,holding,15514.64,,0.9999938011169434,,1.0907275810384052,HOLD
2023-05-12,holding,15502.36,,0.9999938011169434,,1.0898642587379745,HOLD
2023-05-15,holding,15475.05,,0.9999938011169434,,1.0879442805600628,HOLD
2023-05-16,holding,15673.9,,0.9999938011169434,,1.1019240557588097,HOLD
2023-05-17,holding,15925.29,,0.9999938011169434,,1.119597556826011,HOLD
2023-05-18,holding,16101.88,,0.9999938011169434,,1.1320123845974301,HOLD
2023-05-19,holding,16174.92,,0.9999938011169434,,1.1371473244038999,HOLD
2023-05-22,holding,16180.89,,0.9999938011169434,,1.1375670340238972,HOLD
2023-05-23,holding,16188.03,,0.9999938011169434,,1.1380689982930403,HOLD
2023-05-24,holding,16159.32,,0.9999938011169434,,1.1360505957486298,HOLD
2023-05-25,holding,16292.0,,0.9999938011169434,,1.1453784135679395,HOLD
2023-05-26,holding,16505.05,,0.9999938011169434,,1.1603564930554577,HOLD
2023-05-29,holding,16636.3,,0.9999938011169434,,1.169583777414701,HOLD
2023-05-30,holding,16622.74,,0.9999938011169434,,1.1686304671220435,HOLD
2023-05-31,holding,16578.96,,0.9999938011169434,,1.1655525965753943,HOLD
2023-06-01,holding,16512.65,,0.9999938011169434,,1.1608907967593074,HOLD
2023-06-02,holding,16706.91,,0.9999938011169434,,1.1745478806421767,HOLD
2023-06-05,holding,16714.43,,0.9999938011169434,,1.175076560096512,HOLD
2023-06-06,holding,16761.66,,0.9999938011169434,,1.1783969764034612,HOLD
2023-06-07,holding,16922.48,,0.9999938011169434,,1.1897031239893925,HOLD
2023-06-08,holding,16733.69,,0.9999938011169434,,1.1764305981670569,HOLD
2023-06-09,holding,16886.4,,0.9999938011169434,,1.187166587458486,HOLD
2023-06-12,holding,16955.37,,0.9999938011169434,,1.1920153935709203,HOLD
2023-06-13,holding,17216.6,,0.9999938011169434,,1.2103806773283687,HOLD
2023-06-14,holding,17238.14,,0.9999938011169434,,1.2118950065100687,HOLD
2023-06-15,holding,17334.98,,0.9999938011169434,,1.2187031605470144,HOLD
2023-06-16,holding,17288.91,,0.9999938011169434,,1.2154642958580213,HOLD
2023-06-19,holding,17274.56,,0.9999938011169434,,1.2144554461014108,HOLD
2023-06-20,holding,17184.91,,0.9999938011169434,,1.2081527714895544,HOLD
2023-06-21,holding,17202.4,,0.9999938011169434,,1.2093823730395976,HOLD
2023-06-26,holding,17059.24,,0.9999938011169434,,1.1993177785339268,HOLD
2023-06-27,holding,16887.9,,0.9999938011169434,,1.1872720421368774,HOLD
2023-06-28,holding,16935.63,,0.9999938011169434,,1.1906276100032902,HOLD
2023-06-29,holding,16942.3,,0.9999938011169434,,1.191096531806537,HOLD
2023-06-30,holding,16915.54,,0.9999938011169434,,1.1892152203440354,HOLD
2023-07-03,holding,17084.2,,0.9999938011169434,,1.2010725443823589,HOLD
2023-07-04,holding,17140.77,,0.9999938011169434,,1.2050495918200914,HOLD
2023-07-05,holding,17056.43,,0.9999938011169434,,1.1991202267697403,HOLD
2023-07-06,holding,16762.17,,0.9999938011169434,,1.1784328309941141,HOLD
2023-07-07,holding,16664.21,,0.9999938011169434,,1.1715459374639696,HOLD
2023-07-10,holding,16652.8,,0.9999938011169434,,1.170743778877006,HOLD
2023-07-11,holding,16898.91,,0.9999938011169434,,1.1880460794762697,HOLD
2023-07-12,holding,16962.03,,0.9999938011169434,,1.1924836123429778,HOLD
2023-07-13,idle,17061.4,1.0,,BUY,,
2023-07-14,holding,17283.71,,0.9999938011169434,,1.0130299975383028,HOLD
2023-07-17,holding,17334.29,,0.9999938011169434,,1.0159945842662383,HOLD
2023-07-18,holding,17227.91,,0.9999938011169434,,1.0097594570199397,HOLD
2023-07-19,holding,17116.44,,0.9999938011169434,,1.0032259955220555,HOLD
2023-07-20,holding,17164.89,,0.9999938011169434,,1.0060657390366556,HOLD
2023-07-21,holding,17030.7,,0.9999938011169434,,0.9982006165965278,HOLD
2023-07-24,holding,17033.61,,0.9999938011169434,,0.9983711770429156,HOLD
2023-07-25,holding,17198.89,,0.9999938011169434,,1.0080585415030419,HOLD
2023-07-26,holding,17162.55,,0.9999938011169434,,1.0059285873374986,HOLD
2023-07-27,holding,17241.82,,0.9999938011169434,,1.0105747476760405,HOLD
2023-07-28,holding,17292.93,,0.9999938011169434,,1.013570398677717,HOLD
2023-07-31,holding,17145.43,,0.9999938011169434,,1.0049251526838359,HOLD
2023-08-01,holding,17212.87,,0.9999938011169434,,1.00887793498775,HOLD
2023-08-02,holding,16893.73,,0.9999938011169434,,0.990172553248854,HOLD
2023-08-04,holding,16843.68,,0.9999938011169434,,0.9872390307946592,HOLD
2023-08-07,holding,16996.0,,0.9999938011169434,,0.996166785844069,HOLD
2023-08-08,holding,16877.07,,0.9999938011169434,,0.9891960800403249,HOLD
2023-08-09,holding,16870.94,,0.9999938011169434,,0.9888367894780028,HOLD
2023-08-10,holding,16634.7,,0.9999938011169434,,0.9749903290468542,HOLD
2023-08-11,holding,16601.25,,0.9999938011169434,,0.9730297630909538,HOLD
2023-08-14,holding,16393.66,,0.9999938011169434,,0.9608625317969216,HOLD
2023-08-15,holding,16454.8,,0.9999938011169434,,0.9644460595261818,HOLD
2023-08-16,holding,16446.78,,0.9999938011169434,,0.9639759925914636,HOLD
2023-08-17,holding,16516.66,,0.9999938011169434,,0.9680717877782596,HOLD
2023-08-18,holding,16381.31,,0.9999938011169434,,0.9601386756069255,HOLD
2023-08-21,holding,16381.49,,0.9999938011169434,,0.9601492257376298,HOLD
2023-08-22,holding,16437.61,,0.9999938011169434,,0.9634385220439119,HOLD
2023-08-23,holding,16576.9,,0.9999938011169434,,0.9716025648539979,HOLD
2023-08-24,holding,16770.87,,0.9999938011169434,,0.9829715029247306,HOLD
2023-08-25,holding,16481.58,,0.9999938011169434,,0.9660156845276472,HOLD
2023-08-28,holding,16509.26,,0.9999938011169434,,0.9676380601826343,HOLD
2023-08-29,holding,16623.65,,0.9999938011169434,,0.9743426682452788,HOLD
2023-08-30,holding,16719.82,,0.9999938011169434,,0.979979368633289,HOLD
2023-08-31,holding,16634.51,,0.9999938011169434,,0.9749791927977772,HOLD
2023-09-01,holding,16644.94,,0.9999938011169434,,0.9755905142602599,HOLD
2023-09-04,holding,16789.69,,0.9999938011169434,,0.9840745777017125,HOLD
2023-09-05,holding,16791.61,,0.9999938011169434,,0.9841871124292262,HOLD
2023-09-06,holding,16738.16,,0.9999938011169434,,0.9810543097283927,HOLD
2023-09-07,holding,16619.14,,0.9999938011169434,,0.9740783288592963,HOLD
2023-09-08,holding,16576.02,,0.9999938011169434,,0.9715509864372208,HOLD
2023-09-11,holding,16432.95,,0.9999938011169434,,0.9631653908823425,HOLD
2023-09-12,holding,16572.71,,0.9999938011169434,,0.9713569812559343,HOLD
2023-09-13,holding,16581.51,,0.9999938011169434,,0.9718727654237048,HOLD
2023-09-14,holding,16807.56,,0.9999938011169434,,0.9851219712333102,HOLD
2023-09-15,holding,16920.92,,0.9999938011169434,,0.9917662091035904,HOLD
2023-09-18,holding,16698.24,,0.9999938011169434,,0.9787145251855065,HOLD
2023-09-19,holding,16636.32,,0.9999938011169434,,0.9750852802231937,HOLD
2023-09-20,holding,16534.75,,0.9999938011169434,,0.9691320759140515,HOLD
2023-09-21,holding,16316.67,,0.9999938011169434,,0.9563500064473021,HOLD
2023-09-22,holding,16344.48,,0.9999938011169434,,0.9579800016411313,HOLD
2023-09-25,holding,16452.23,,0.9999938011169434,,0.9642954271044579,HOLD
2023-09-26,holding,16276.07,,0.9999938011169434,,0.953970365855088,HOLD
2023-09-27,holding,16310.36,,0.9999938011169434,,0.9559801657542757,HOLD
2023-09-28,holding,16353.74,,0.9999938011169434,,0.9585227472540353,HOLD
2023-10-02,holding,16557.31,,0.9999938011169434,,0.970454358962336,HOLD
2023-10-03,holding,16454.34,,0.9999938011169434,,0.9644190980810484,HOLD
2023-10-04,holding,16273.38,,0.9999938011169434,,0.9538127000128944,HOLD
2023-10-05,holding,16453.52,,0.9999938011169434,,0.9643710363745062,HOLD
2023-10-06,holding,16520.57,,0.9999938011169434,,0.968300960061894,HOLD
2023-10-11,holding,16672.03,,0.9999938011169434,,0.9771783089312716,HOLD
2023-10-12,holding,16825.91,,0.9999938011169434,,0.9861974984467862,HOLD
2023-10-13,holding,16782.57,,0.9999938011169434,,0.9836572614205163,HOLD
2023-10-16,holding,16652.24,,0.9999938011169434,,0.9760183806721605,HOLD
2023-10-17,holding,16642.55,,0.9999938011169434,,0.9754504319692404,HOLD
2023-10-18,holding,16440.91,,0.9999938011169434,,0.9636319411068258,HOLD
2023-10-19,holding,16452.73,,0.9999938011169434,,0.9643247330230812,HOLD
2023-10-20,holding,16440.72,,0.9999938011169434,,0.963620804857749,HOLD
2023-10-23,holding,16251.36,,0.9999938011169434,,0.9525220673567233,HOLD
2023-10-24,holding,16309.76,,0.9999938011169434,,0.9559449986519277,HOLD
2023-10-25,holding,16358.89,,0.9999938011169434,,0.9588245982158555,HOLD
2023-10-26,holding,16073.74,,0.9999938011169434,,0.9421114328249732,HOLD
2023-10-27,holding,16134.61,,0.9999938011169434,,0.9456791353581769,HOLD
2023-10-30,holding,16149.68,,0.9999938011169434,,0.9465624157454839,HOLD
2023-10-31,holding,16001.27,,0.9999938011169434,,0.9378638329797085,HOLD
2023-11-01,holding,16038.56,,0.9999938011169434,,0.9400494683906361,HOLD
2023-11-02,holding,16396.95,,0.9999938011169434,,0.9610553647414631,HOLD
2023-11-03,holding,16507.65,,0.9999938011169434,,0.9675436951246674,HOLD
2023-11-06,holding,16649.36,,0.9999938011169434,,0.9758495785808902,HOLD
2023-11-07,holding,16684.95,,0.9999938011169434,,0.9779355738684984,HOLD
2023-11-08,holding,16740.83,,0.9999938011169434,,0.9812108033338414,HOLD
2023-11-09,holding,16745.65,,0.9999938011169434,,0.9814933123893702,HOLD
2023-11-10,holding,16682.67,,0.9999938011169434,,0.9778019388795759,HOLD
2023-11-13,holding,16839.29,,0.9999938011169434,,0.9869817248291465,HOLD
2023-11-14,holding,16915.71,,0.9999938011169434,,0.9914608414315353,HOLD
2023-11-15,holding,17128.78,,0.9999938011169434,,1.0039492655936793,HOLD
2023-11-16,holding,17171.18,,0.9999938011169434,,1.0064344074929372,HOLD
2023-11-17,holding,17208.95,,0.9999938011169434,,1.0086481765857431,HOLD
2023-11-20,holding,17210.47,,0.9999938011169434,,1.008737266578358,HOLD
2023-11-21,holding,17416.7,,0.9999938011169434,,1.020824785773735,HOLD
2023-11-22,holding,17310.26,,0.9999938011169434,,1.0145861418172013,HOLD
2023-11-23,holding,17294.55,,0.9999938011169434,,1.0136653498540564,HOLD
2023-11-24,holding,17287.42,,0.9999938011169434,,1.0132474474544877,HOLD
2023-11-27,holding,17137.42,,0.9999938011169434,,1.0044556718674902,HOLD
2023-11-28,holding,17341.25,,0.9999938011169434,,1.016402522653475,HOLD
2023-11-29,holding,17370.56,,0.9999938011169434,,1.0181204356031743,HOLD
2023-11-30,holding,17433.85,,0.9999938011169434,,1.0218299787825147,HOLD
2023-12-01,holding,17438.35,,0.9999938011169434,,1.0220937320501247,HOLD
2023-12-04,holding,17421.48,,0.9999938011169434,,1.0211049503557736,HOLD
2023-12-05,holding,17328.01,,0.9999938011169434,,1.0156265019283293,HOLD
2023-12-06,holding,17360.72,,0.9999938011169434,,1.0175436951246675,HOLD
2023-12-07,holding,17278.74,,0.9999938011169434,,1.012738696707187,HOLD
2023-12-08,holding,17383.99,,0.9999938011169434,,1.018907592577397,HOLD
2023-12-11,holding,17418.34,,0.9999938011169434,,1.0209209091868192,HOLD
2023-12-12,holding,17450.63,,0.9999938011169434,,1.0228134854115136,HOLD
2023-12-13,holding,17468.93,,0.9999938011169434,,1.0238860820331273,HOLD
2023-12-14,holding,17653.11,,0.9999938011169434,,1.0346812102172154,HOLD
2023-12-15,holding,17673.87,,0.9999938011169434,,1.0358979919584559,HOLD
2023-12-18,holding,17652.03,,0.9999938011169434,,1.034617909432989,HOLD
2023-12-19,holding,17576.55,,0.9999938011169434,,1.0301938879576118,HOLD
2023-12-20,holding,17635.2,,0.9999938011169434,,1.0336314722121278,HOLD
2023-12-21,holding,17543.74,,0.9999938011169434,,1.0282708335775492,HOLD
2023-12-22,holding,17596.63,,0.9999938011169434,,1.0313708136495245,HOLD
2023-12-25,holding,17604.84,,0.9999938011169434,,1.0318520168333196,HOLD
2023-12-26,holding,17751.73,,0.9999938011169434,,1.04046150960648,HOLD
2023-12-27,holding,17891.5,,0.9999938011169434,,1.0486536860984443,HOLD
2023-12-28,holding,17910.37,,0.9999938011169434,,1.0497596914672886,HOLD
2023-12-29,holding,17930.81,,0.9999938011169434,,1.0509577174206102,HOLD
2024-01-02,holding,17853.76,,0.9999938011169434,,1.0464416753607557,HOLD
2024-01-03,holding,17559.31,,0.9999938011169434,,1.0291834198834797,HOLD
2024-01-04,holding,17549.65,,0.9999938011169434,,1.028617229535677,HOLD
2024-01-05,idle,17519.14,1.0,,BUY,,
2024-01-08,holding,17572.66,,0.9999938011169434,,1.0030549444778682,HOLD
2024-01-09,holding,17535.49,,0.9999938011169434,,1.000933264989035,HOLD
2024-01-10,holding,17465.63,,0.9999938011169434,,0.9969456263264065,HOLD
2024-01-11,holding,17545.32,,0.9999938011169434,,1.0014943655910051,HOLD
2024-01-12,holding,17512.83,,0.9999938011169434,,0.9996398225027029,HOLD
2024-01-15,holding,17546.82,,0.9999938011169434,,1.001579986232201,HOLD
2024-01-16,holding,17346.87,,0.9999938011169434,,0.9901667547607931,HOLD
2024-01-17,holding,17161.79,,0.9999938011169434,,0.9796023092457735,HOLD
2024-01-18,holding,17227.79,,0.9999938011169434,,0.9833696174583914,HOLD
2024-01-19,holding,17681.52,,0.9999938011169434,,1.009268719811589,HOLD
2024-01-22,holding,17815.1,,0.9999938011169434,,1.0168935233122174,HOLD
2024-01-23,holding,17874.59,,0.9999938011169434,,1.0202892379420452,HOLD
2024-01-24,holding,17875.83,,0.9999938011169434,,1.0203600176721004,HOLD
2024-01-25,holding,18002.62,,0.9999938011169434,,1.0275972450702489,HOLD
2024-01-26,holding,17995.03,,0.9999938011169434,,1.0271640046257977,HOLD
2024-01-29,holding,18119.63,,0.9999938011169434,,1.0342762258878004,HOLD
2024-01-30,holding,18034.63,,0.9999938011169434,,1.0294243895533686,HOLD
2024-01-31,holding,17889.56,,0.9999938011169434,,1.0211437319411798,HOLD
2024-02-01,holding,17968.11,,0.9999938011169434,,1.0256273995184695,HOLD
2024-02-02,holding,18059.93,,0.9999938011169434,,1.0308685243682054,HOLD
2024-02-05,holding,18096.07,,0.9999938011169434,,1.032931411016751,HOLD
2024-02-15,holding,18644.57,,0.9999938011169434,,1.0642400254807027,HOLD
2024-02-16,holding,18607.25,,0.9999938011169434,,1.06210978392775,HOLD
2024-02-19,holding,18635.8,,0.9999938011169434,,1.0637394301318444,HOLD
2024-02-20,holding,18753.16,,0.9999938011169434,,1.0704383890990083,HOLD
2024-02-21,holding,18676.31,,0.9999938011169434,,1.0660517582484073,HOLD
2024-02-22,holding,18852.78,,0.9999938011169434,,1.0761247412829624,HOLD
2024-02-23,holding,18889.19,,0.9999938011169434,,1.0782030396469233,HOLD
2024-02-26,holding,18948.05,,0.9999938011169434,,1.0815627936074488,HOLD
2024-02-27,holding,18854.41,,0.9999938011169434,,1.0762177823797288,HOLD
2024-02-29,holding,18966.77,,0.9999938011169434,,1.0826313392095732,HOLD
2024-03-01,holding,18935.93,,0.9999938011169434,,1.0808709788265862,HOLD
2024-03-04,holding,19305.31,,0.9999938011169434,,1.1019553471232038,HOLD
2024-03-05,holding,19386.92,,0.9999938011169434,,1.1066136808085327,HOLD
2024-03-06,holding,19499.45,,0.9999938011169434,,1.1130369413110461,HOLD
2024-03-07,holding,19693.52,,0.9999938011169434,,1.1241145398689663,HOLD
2024-03-08,holding,19785.32,,0.9999938011169434,,1.1293545231101527,HOLD
2024-03-11,holding,19726.08,,0.9999938011169434,,1.125973078587191,HOLD
2024-03-12,holding,19914.55,,0.9999938011169434,,1.136731026751313,HOLD
2024-03-13,holding,19928.51,,0.9999938011169434,,1.1375278695187092,HOLD
2024-03-14,holding,19937.92,,0.9999938011169434,,1.1380649963411444,HOLD
2024-03-15,holding,19682.5,,0.9999938011169434,,1.123485513558314,HOLD
2024-03-18,holding,19879.85,,0.9999938011169434,,1.1347503359183155,HOLD
2024-03-19,holding,19857.2,,0.9999938011169434,,1.1334574642362583,HOLD
2024-03-20,holding,19784.45,,0.9999938011169434,,1.1293048631382592,HOLD
2024-03-21,holding,20199.09,,0.9999938011169434,,1.1529726915818928,HOLD
2024-03-22,holding,20228.43,,0.9999938011169434,,1.1546474313236839,HOLD
2024-03-25,holding,20192.25,,0.9999938011169434,,1.1525822614580397,HOLD
2024-03-26,holding,20126.49,,0.9999938011169434,,1.1488286525480134,HOLD
2024-03-27,holding,20200.12,,0.9999938011169434,,1.1530314844221805,HOLD
2024-03-28,holding,20146.55,,0.9999938011169434,,1.149973685922939,HOLD
2024-03-29,holding,20294.45,,0.9999938011169434,,1.1584158811448508,HOLD
2024-04-01,holding,20222.33,,0.9999938011169434,,1.154299240716154,HOLD
2024-04-02,holding,20466.57,,0.9999938011169434,,1.168240564319938,HOLD
2024-04-03,holding,20337.6,,0.9999938011169434,,1.1608789015899181,HOLD
2024-04-08,holding,20417.7,,0.9999938011169434,,1.1654510438297772,HOLD
2024-04-09,holding,20796.2,,0.9999938011169434,,1.1870559856248653,HOLD
2024-04-10,holding,20763.53,,0.9999938011169434,,1.1851911680596194,HOLD
2024-04-11,holding,20753.22,,0.9999938011169434,,1.1846026688524667,HOLD
2024-04-12,holding,20736.57,,0.9999938011169434,,1.1836522797351925,HOLD
2024-04-15,holding,20449.77,,0.9999938011169434,,1.1672816131385446,HOLD
2024-04-16,holding,19901.96,,0.9999938011169434,,1.1360123841695426,HOLD
2024-04-17,holding,20213.33,,0.9999938011169434,,1.1537855168689788,HOLD
2024-04-18,holding,20301.2,,0.9999938011169434,,1.1588011740302322,HOLD
2024-04-19,holding,19527.12,,0.9999938011169434,,1.1146163567389724,HOLD
2024-04-22,holding,19411.22,,0.9999938011169434,,1.1080007351959058,HOLD
2024-04-23,holding,19599.28,,0.9999938011169434,,1.1187352803847677,HOLD
2024-04-24,holding,20131.74,,0.9999938011169434,,1.1491283247921988,HOLD
2024-04-25,holding,19857.42,,0.9999938011169434,,1.1334700219303002,HOLD
2024-04-26,holding,20120.51,,0.9999938011169434,,1.148487311591779,HOLD
2024-04-29,holding,20495.52,,0.9999938011169434,,1.1698930426950183,HOLD
2024-04-30,holding,20396.6,,0.9999938011169434,,1.1642466468102886,HOLD
2024-05-02,holding,20222.44,,0.9999938011169434,,1.1543055195631748,HOLD
2024-05-03,holding,20330.32,,0.9999938011169434,,1.1604633560779811,HOLD
2024-05-06,holding,20523.31,,0.9999938011169434,,1.1714793077742403,HOLD
2024-05-07,holding,20653.53,,0.9999938011169434,,1.1789123210385897,HOLD
2024-05-08,holding,20700.51,,0.9999938011169434,,1.181593959520844,HOLD
2024-05-09,holding,20560.77,,0.9999938011169434,,1.173617540587038,HOLD
2024-05-10,holding,20708.84,,0.9999938011169434,,1.1820694394816185,HOLD
2024-05-13,holding,20857.71,,0.9999938011169434,,1.1905670027181698,HOLD
2024-05-14,holding,20985.85,,0.9999938011169434,,1.1978812886933947,HOLD
2024-05-15,holding,21147.21,,0.9999938011169434,,1.2070917864689705,HOLD
2024-05-16,holding,21304.26,,0.9999938011169434,,1.2160562676021767,HOLD
2024-05-17,holding,21258.47,,0.9999938011169434,,1.2134425548286047,HOLD
2024-05-20,holding,21271.63,,0.9999938011169434,,1.2141937332540298,HOLD
2024-05-21,holding,21236.75,,0.9999938011169434,,1.2122027679440885,HOLD
2024-05-22,holding,21551.83,,0.9999938011169434,,1.230187669029416,HOLD
2024-05-23,holding,21607.43,,0.9999938011169434,,1.233361340796409,HOLD
2024-05-24,holding,21565.34,,0.9999938011169434,,1.2309588256044532,HOLD
2024-05-27,holding,21803.77,,0.9999938011169434,,1.244568511924672,HOLD
2024-05-28,holding,21858.41,,0.9999938011169434,,1.2476873864812998,HOLD
2024-05-29,holding,21662.5,,0.9999938011169434,,1.2365047599368462,HOLD
2024-05-30,holding,21364.48,,0.9999938011169434,,1.2194936509440533,HOLD
2024-05-31,holding,21174.22,,0.9999938011169434,,1.2086335288147707,HOLD
2024-06-03,holding,21536.76,,0.9999938011169434,,1.2293274669875347,HOLD
2024-06-04,holding,21356.62,,0.9999938011169434,,1.219044998784187,HOLD
2024-06-05,holding,21484.88,,0.9999938011169434,,1.2263661344107075,HOLD
2024-06-06,holding,21902.7,,0.9999938011169434,,1.2502154786136763,HOLD
2024-06-07,holding,21858.38,,0.9999938011169434,,1.247685674068476,HOLD
2024-06-11,holding,21792.12,,0.9999938011169434,,1.2439035249447177,HOLD
2024-06-12,holding,22048.96,,0.9999938011169434,,1.258564061934547,HOLD
2024-06-13,holding,22312.04,,0.9999938011169434,,1.2735807807917512,HOLD
2024-06-14,holding,22504.72,,0.9999938011169434,,1.2845790375554966,HOLD
2024-06-17,holding,22496.53,,0.9999938011169434,,1.2841115488545671,HOLD
2024-06-18,holding,22757.43,,0.9999938011169434,,1.2990038323799,HOLD
2024-06-19,holding,23209.54,,0.9999938011169434,,1.3248104644406062,HOLD
2024-06-20,holding,23406.1,,0.9999938011169434,,1.3360301932629113,HOLD
2024-06-21,holding,23253.39,,0.9999938011169434,,1.3273134411848984,HOLD
2024-06-24,holding,22813.7,,0.9999938011169434,,1.3022157480332939,HOLD
2024-06-25,holding,22875.97,,0.9999938011169434,,1.3057701462514713,HOLD
2024-06-26,holding,22986.69,,0.9999938011169434,,1.3120900911802749,HOLD
2024-06-27,holding,22905.98,,0.9999938011169434,,1.307483129879663,HOLD
2024-06-28,holding,23032.25,,0.9999938011169434,,1.3146906754555303,HOLD
2024-07-01,holding,23058.57,,0.9999938011169434,,1.3161930323063804,HOLD
2024-07-02,holding,22879.37,,0.9999938011169434,,1.3059642197048484,HOLD
2024-07-03,holding,23172.43,,0.9999938011169434,,1.3226922097774207,HOLD
2024-07-04,holding,23522.53,,0.9999938011169434,,1.3426760674325338,HOLD
2024-07-05,holding,23556.59,,0.9999938011169434,,1.3446202267919545,HOLD
2024-07-08,holding,23878.15,,0.9999938011169434,,1.3629750090472479,HOLD
2024-07-09,holding,23900.08,,0.9999938011169434,,1.3642267828215313,HOLD
2024-07-10,idle,24007.08,1.0,,BUY,,
2024-07-11,holding,24390.03,,0.9999938011169434,,1.0159515442944331,HOLD
2024-07-12,holding,23916.93,,0.9999938011169434,,0.9962448577669587,HOLD
2024-07-15,holding,23879.36,,0.9999938011169434,,0.9946799027620185,HOLD
2024-07-16,holding,23997.25,,0.9999938011169434,,0.9995905374581164,HOLD
2024-07-17,holding,23769.82,,0.9999938011169434,,0.990117082127439,HOLD
2024-07-18,holding,23398.47,,0.9999938011169434,,0.9746487286250556,HOLD
2024-07-19,holding,22869.26,,0.9999938011169434,,0.9526048149129339,HOLD
2024-07-22,holding,22256.99,,0.9999938011169434,,0.9271010885122223,HOLD
2024-07-23,holding,22871.84,,0.9999938011169434,,0.9527122832097864,HOLD
2024-07-26,holding,22119.21,,0.9999938011169434,,0.9213619482252734,HOLD
2024-07-29,holding,22164.49,,0.9999938011169434,,0.9232480584894123,HOLD
2024-07-30,holding,22223.57,,0.9999938011169434,,0.9257089991785755,HOLD
2024-07-31,holding,22199.35,,0.9999938011169434,,0.9247001301282787,HOLD
2024-08-01,holding,22642.1,,0.9999938011169434,,0.9431426062644852,HOLD
2024-08-02,holding,21638.09,,0.9999938011169434,,0.9013211935812269,HOLD
2024-08-05,idle,19830.88,1.0,,BUY,,
2024-08-06,holding,20501.02,,0.9999938011169434,,1.0337927515067409,HOLD
2024-08-07,holding,21295.28,,0.9999938011169434,,1.0738444284872883,HOLD
2024-08-08,holding,20870.1,,0.9999938011169434,,1.0524041293175088,HOLD
2024-08-09,holding,21469.0,,0.9999938011169434,,1.0826045036831446,HOLD
2024-08-12,holding,21773.26,,0.9999938011169434,,1.0979472418773144,HOLD
2024-08-13,holding,21796.57,,0.9999938011169434,,1.0991226813938664,HOLD
2024-08-14,holding,22027.25,,0.9999938011169434,,1.1107550446576249,HOLD
2024-08-15,holding,21895.17,,0.9999938011169434,,1.1040947249945539,HOLD
2024-08-16,holding,22349.33,,0.9999938011169434,,1.126996381401128,HOLD
2024-08-19,holding,22409.63,,0.9999938011169434,,1.130037093664023,HOLD
2024-08-20,holding,22429.1,,0.9999938011169434,,1.1310188957827387,HOLD
2024-08-21,holding,22237.89,,0.9999938011169434,,1.121376862751426,HOLD
2024-08-22,holding,22148.83,,0.9999938011169434,,1.1168858870609877,HOLD
2024-08-23,holding,22158.05,,0.9999938011169434,,1.117350818521417,HOLD
2024-08-26,holding,22240.12,,0.9999938011169434,,1.1214893136361068,HOLD
2024-08-27,holding,22185.0,,0.9999938011169434,,1.1187098101546677,HOLD
2024-08-28,holding,22370.66,,0.9999938011169434,,1.1280719766344205,HOLD
2024-08-29,holding,22201.85,,0.9999938011169434,,1.119559495090485,HOLD
2024-08-30,holding,22268.09,,0.9999938011169434,,1.1228997402031577,HOLD
2024-09-02,holding,22235.1,,0.9999938011169434,,1.1212361730795606,HOLD
2024-09-03,holding,22092.21,,0.9999938011169434,,1.1140307439710189,HOLD
2024-09-04,holding,21092.75,,0.9999938011169434,,1.0636315685436046,HOLD
2024-09-05,holding,21187.71,,0.9999938011169434,,1.0684200600275933,HOLD
2024-09-06,holding,21435.19,,0.9999938011169434,,1.0808995869068845,HOLD
2024-09-09,holding,21144.44,,0.9999938011169434,,1.066238109453539,HOLD
2024-09-10,holding,21064.08,,0.9999938011169434,,1.0621858434925733,HOLD
2024-09-11,holding,21031.0,,0.9999938011169434,,1.0605177379924642,HOLD
2024-09-12,holding,21653.25,,0.9999938011169434,,1.0918955689308794,HOLD
2024-09-13,holding,21759.65,,0.9999938011169434,,1.0972609384959215,HOLD
2024-09-16,holding,21850.08,,0.9999938011169434,,1.1018209983621503,HOLD
2024-09-18,holding,21678.84,,0.9999938011169434,,1.0931859806523967,HOLD
2024-09-19,holding,22042.69,,0.9999938011169434,,1.111533628361424,HOLD
2024-09-20,holding,22159.42,,0.9999938011169434,,1.1174199026972074,HOLD
2024-09-23,holding,22285.53,,0.9999938011169434,,1.12377917671833,HOLD
2024-09-24,holding,22431.78,,0.9999938011169434,,1.1311540385499785,HOLD
2024-09-25,holding,22761.6,,0.9999938011169434,,1.147785675673495,HOLD
2024-09-26,holding,22858.81,,0.9999938011169434,,1.1526876265702783,HOLD
2024-09-27,holding,22822.79,,0.9999938011169434,,1.150871267437451,HOLD
2024-09-30,holding,22224.54,,0.9999938011169434,,1.1207036702355115,HOLD
2024-10-01,holding,22390.39,,0.9999938011169434,,1.129066889618615,HOLD
2024-10-04,holding,22302.71,,0.9999938011169434,,1.124645502368024,HOLD
2024-10-07,holding,22702.56,,0.9999938011169434,,1.144808500681765,HOLD
2024-10-08,holding,22611.39,,0.9999938011169434,,1.1402111252753282,HOLD
2024-10-09,holding,22659.08,,0.9999938011169434,,1.1426159605625166,HOLD
2024-10-11,holding,22901.64,,0.9999938011169434,,1.1548473895258304,HOLD
2024-10-14,holding,22975.29,,0.9999938011169434,,1.15856129430464,HOLD
2024-10-15,holding,23292.04,,0.9999938011169434,,1.174533858305834,HOLD
2024-10-16,holding,23010.98,,0.9999938011169434,,1.1603610127235906,HOLD
2024-10-17,holding,23053.84,,0.9999938011169434,,1.1625222884713133,HOLD
2024-10-18,holding,23487.27,,0.9999938011169434,,1.1843786054880066,HOLD
2024-10-21,holding,23542.53,,0.9999938011169434,,1.1871651686662417,HOLD
2024-10-22,holding,23535.43,,0.9999938011169434,,1.1868071411858676,HOLD
2024-10-23,holding,23334.76,,0.9999938011169434,,1.1766880743567607,HOLD
2024-10-24,holding,23192.52,,0.9999938011169434,,1.169515422411915,HOLD
2024-10-25,holding,23348.45,,0.9999938011169434,,1.1773784118506088,HOLD
2024-10-28,holding,23198.07,,0.9999938011169434,,1.169795288963475,HOLD
2024-10-29,holding,22926.59,,0.9999938011169434,,1.1561055283477082,HOLD
2024-10-30,holding,22820.43,,0.9999938011169434,,1.150752261120031,HOLD
2024-11-01,holding,22780.08,,0.9999938011169434,,1.1487175556505813,HOLD
2024-11-04,holding,22965.39,,0.9999938011169434,,1.1580620728883437,HOLD
2024-11-05,holding,23106.79,,0.9999938011169434,,1.1651923666524129,HOLD
2024-11-06,holding,23217.38,,0.9999938011169434,,1.1707690228572811,HOLD
2024-11-07,holding,23408.82,,0.9999938011169434,,1.1804226539619018,HOLD
2024-11-08,holding,23553.89,,0.9999938011169434,,1.18773801263484,HOLD
2024-11-11,holding,23529.64,,0.9999938011169434,,1.186515172296943,HOLD
2024-11-12,holding,22981.77,,0.9999938011169434,,1.1588880574134883,HOLD
2024-11-13,holding,22860.23,,0.9999938011169434,,1.152759232066353,HOLD
2024-11-14,holding,22715.38,,0.9999938011169434,,1.1454549672026657,HOLD
2024-11-15,holding,22742.77,,0.9999938011169434,,1.1468361464544186,HOLD
2024-11-18,holding,22546.54,,0.9999938011169434,,1.1369409728665596,HOLD
2024-11-19,holding,22848.8,,0.9999938011169434,,1.1521828582493565,HOLD
2024-11-20,holding,22688.36,,0.9999938011169434,,1.1440924457210169,HOLD
2024-11-21,holding,22555.66,,0.9999938011169434,,1.1374008616864204,HOLD
2024-11-22,holding,22904.32,,0.9999938011169434,,1.15498253229307,HOLD
2024-11-25,holding,22948.37,,0.9999938011169434,,1.1572038154635598,HOLD
2024-11-26,holding,22678.76,,0.9999938011169434,,1.1436083522264264,HOLD
2024-11-27,holding,22334.78,,0.9999938011169434,,1.1262626771983895,HOLD
2024-11-28,holding,22298.9,,0.9999938011169434,,1.1244533777623584,HOLD
2024-11-29,holding,22262.5,,0.9999938011169434,,1.1226178565953704,HOLD
2024-12-02,holding,22736.93,,0.9999938011169434,,1.1465416562452095,HOLD
2024-12-03,holding,23027.46,,0.9999938011169434,,1.1611920398893039,HOLD
2024-12-04,holding,23255.33,,0.9999938011169434,,1.1726827049530832,HOLD
2024-12-05,holding,23267.94,,0.9999938011169434,,1.1733185819287897,HOLD
2024-12-06,holding,23193.27,,0.9999938011169434,,1.16955324221618,HOLD
2024-12-09,holding,23273.25,,0.9999938011169434,,1.173586346142985,HOLD
2024-12-10,holding,23125.08,,0.9999938011169434,,1.1661146656124186,HOLD
2024-12-11,holding,22903.63,,0.9999938011169434,,1.1549477380731465,HOLD
2024-12-12,holding,23046.8,,0.9999938011169434,,1.1621672865752806,HOLD
2024-12-13,holding,23020.48,,0.9999938011169434,,1.1608400635776122,HOLD
2024-12-16,holding,23039.9,,0.9999938011169434,,1.1618193443760438,HOLD
2024-12-17,holding,23018.01,,0.9999938011169434,,1.1607155103555666,HOLD
2024-12-18,holding,23168.67,,0.9999938011169434,,1.1683127526362924,HOLD
2024-12-19,holding,22932.25,,0.9999938011169434,,1.1563909418038936,HOLD
2024-12-20,holding,22510.25,,0.9999938011169434,,1.135110998604197,HOLD
2024-12-23,holding,23104.54,,0.9999938011169434,,1.1650789072396182,HOLD
2024-12-24,holding,23120.24,,0.9999938011169434,,1.165870601808896,HOLD
2024-12-25,holding,23220.13,,0.9999938011169434,,1.170907695472919,HOLD
2024-12-26,holding,23246.94,,0.9999938011169434,,1.1722596274093735,HOLD
2024-12-27,holding,23275.68,,0.9999938011169434,,1.173708882308803,HOLD
2024-12-30,holding,23190.2,,0.9999938011169434,,1.1693984331507226,HOLD
2024-12-31,holding,23035.1,,0.9999938011169434,,1.1615772976287486,HOLD
2025-01-02,holding,22832.06,,0.9999938011169434,,1.1513387202181649,HOLD
2025-01-03,holding,22908.3,,0.9999938011169434,,1.1551832293877022,HOLD
2025-01-06,holding,23547.71,,0.9999938011169434,,1.1874263774476976,HOLD
2025-01-07,holding,23651.27,,0.9999938011169434,,1.19264853602059,HOLD
2025-01-08,holding,23407.33,,0.9999938011169434,,1.180347518617429,HOLD
2025-01-09,holding,23081.13,,0.9999938011169434,,1.1638984250824975,HOLD
2025-01-10,holding,23011.86,,0.9999938011169434,,1.1604053879605947,HOLD
2025-01-13,holding,22488.33,,0.9999938011169434,,1.1340056517915493,HOLD
2025-01-14,holding,22797.52,,0.9999938011169434,,1.1495969921657536,HOLD
2025-01-15,holding,22514.57,,0.9999938011169434,,1.1353288406767625,HOLD
2025-01-16,holding,23025.1,,0.9999938011169434,,1.1610730335718837,HOLD
2025-01-17,holding,23148.08,,0.9999938011169434,,1.1672744729432079,HOLD
2025-01-20,holding,23266.82,,0.9999938011169434,,1.173262104354421,HOLD
2025-01-21,holding,23300.01,,0.9999938011169434,,1.1749357567591552,HOLD
2025-01-22,holding,23525.41,,0.9999938011169434,,1.186301868600889,HOLD
2025-02-03,holding,22694.71,,0.9999938011169434,,1.144412653397126,HOLD
2025-02-04,holding,22793.96,,0.9999938011169434,,1.1494174741615095,HOLD
2025-02-05,holding,23161.58,,0.9999938011169434,,1.1679552294199753,HOLD
2025-02-06,holding,23316.6,,0.9999938011169434,,1.175772330829494,HOLD
2025-02-07,idle,23478.27,1.0,,BUY,,
2025-02-10,holding,23252.14,,0.9999938011169434,,0.9903685407826045,HOLD
2025-02-11,holding,23384.05,,0.9999938011169434,,0.9959869274865651,HOLD
2025-02-12,holding,23289.75,,0.9999938011169434,,0.9919704475670481,HOLD
2025-02-13,holding,23399.41,,0.9999938011169434,,0.9966411494543678,HOLD
2025-02-14,holding,23152.61,,0.9999938011169434,,0.9861293016904568,HOLD
2025-02-17,holding,23505.33,,0.9999938011169434,,1.0011525551073397,HOLD
2025-02-18,holding,23666.11,,0.9999938011169434,,1.0080005894812523,HOLD
2025-02-19,holding,23604.08,,0.9999938011169434,,1.005358571990185,HOLD
2025-02-20,holding,23487.46,,0.9999938011169434,,1.0003914257737048,HOLD
2025-02-21,holding,23730.25,,0.9999938011169434,,1.0107324773077402,HOLD
2025-02-24,holding,23565.31,,0.9999938011169434,,1.0037072578175479,HOLD
2025-02-25,holding,23285.72,,0.9999938011169434,,0.9917987994856521,HOLD
2025-02-26,holding,23402.55,,0.9999938011169434,,0.9967748901430983,HOLD
2025-02-27,holding,23053.18,,0.9999938011169434,,0.9818943218559119,HOLD
2025-03-03,holding,22756.25,,0.9999938011169434,,0.9692473082556764,HOLD
2025-03-04,holding,22596.88,,0.9999938011169434,,0.9624593294139645,HOLD
2025-03-05,holding,22871.9,,0.9999938011169434,,0.9741731396734087,HOLD
2025-03-06,holding,22715.43,,0.9999938011169434,,0.9675086793021803,HOLD
2025-03-07,holding,22576.07,,0.9999938011169434,,0.9615729779068048,HOLD
2025-03-10,holding,22459.15,,0.9999938011169434,,0.9565930539175161,HOLD
2025-03-11,holding,22071.09,,0.9999938011169434,,0.9400645788637749,HOLD
2025-03-12,holding,22278.36,,0.9999938011169434,,0.9488927420972669,HOLD
2025-03-13,holding,21961.68,,0.9999938011169434,,0.9354045251204625,HOLD
2025-03-14,holding,21968.05,,0.9999938011169434,,0.935675839829766,HOLD
2025-03-17,holding,22118.63,,0.9999938011169434,,0.9420894299281847,HOLD
2025-03-18,holding,22271.67,,0.9999938011169434,,0.9486077977636341,HOLD
2025-03-19,holding,21960.83,,0.9999938011169434,,0.935368321430838,HOLD
2025-03-20,holding,22377.26,,0.9999938011169434,,0.9531051478665165,HOLD
2025-03-21,holding,22209.1,,0.9999938011169434,,0.9459427802815112,HOLD
2025-03-24,holding,22106.64,,0.9999938011169434,,0.9415787449415991,HOLD
2025-03-25,holding,22273.19,,0.9999938011169434,,0.948672538479198,HOLD
2025-03-26,holding,22260.29,,0.9999938011169434,,0.9481230942484263,HOLD
2025-03-27,holding,21951.76,,0.9999938011169434,,0.9349820067662565,HOLD
2025-03-28,holding,21602.89,,0.9999938011169434,,0.9201227347670846,HOLD
2025-03-31,holding,20695.9,,0.9999938011169434,,0.8814916942347115,HOLD
2025-04-01,idle,21280.17,1.0,,BUY,,
2025-04-02,holding,21298.22,,0.9999938011169434,,1.0008482075096206,HOLD
2025-04-07,holding,19232.35,,0.9999938011169434,,0.9037686259085337,HOLD
2025-04-08,idle,18459.95,1.0,,BUY,,
2025-04-09,holding,17391.76,,0.9999938011169434,,0.942134729509018,HOLD
2025-04-10,holding,19000.03,,0.9999938011169434,,1.0292568506415238,HOLD
2025-04-11,holding,19528.77,,0.9999938011169434,,1.0578993984274063,HOLD
2025-04-14,holding,19513.09,,0.9999938011169434,,1.0570499920097292,HOLD
2025-04-15,holding,19857.67,,0.9999938011169434,,1.0757163480941172,HOLD
2025-04-16,holding,19468.0,,0.9999938011169434,,1.0546074068456306,HOLD
2025-04-17,holding,19338.73,,0.9999938011169434,,1.047604679319283,HOLD
2025-04-18,holding,19395.03,,0.9999938011169434,,1.0506545250664274,HOLD
2025-04-21,holding,19106.2,,0.9999938011169434,,1.0350082204989721,HOLD
2025-04-22,holding,18793.43,,0.9999938011169434,,1.0180650543473844,HOLD
2025-04-23,holding,19639.14,,0.9999938011169434,,1.063878287861018,HOLD
2025-04-24,holding,19478.81,,0.9999938011169434,,1.0551929988976134,HOLD
2025-04-25,holding,19872.73,,0.9999938011169434,,1.0765321682886464,HOLD
2025-04-28,holding,20034.41,,0.9999938011169434,,1.0852905885443893,HOLD
2025-04-29,holding,20232.63,,0.9999938011169434,,1.0960284291127549,HOLD
2025-04-30,holding,20235.03,,0.9999938011169434,,1.096158440299134,HOLD
2025-05-02,holding,20787.64,,0.9999938011169434,,1.1260940576762124,HOLD
2025-05-05,holding,20532.99,,0.9999938011169434,,1.112299329088107,HOLD
2025-05-06,holding,20522.59,,0.9999938011169434,,1.111735947280464,HOLD
2025-05-07,holding,20546.49,,0.9999938011169434,,1.1130306420114897,HOLD
2025-05-08,holding,20543.4,,0.9999938011169434,,1.1128632526090265,HOLD
2025-05-09,holding,20915.04,,0.9999938011169434,,1.1329954848198398,HOLD
2025-05-12,holding,21129.54,,0.9999938011169434,,1.1446152346024772,HOLD
2025-05-13,holding,21330.14,,0.9999938011169434,,1.1554820029306687,HOLD
2025-05-14,holding,21782.87,,0.9999938011169434,,1.1800069881012678,HOLD
2025-05-15,holding,21730.25,,0.9999938011169434,,1.1771564928399048,HOLD
2025-05-16,holding,21843.69,,0.9999938011169434,,1.1833016882494263,HOLD
2025-05-19,holding,21523.83,,0.9999938011169434,,1.1659744473847438,HOLD
2025-05-20,holding,21526.03,,0.9999938011169434,,1.1660936243055913,HOLD
2025-05-21,holding,21803.91,,0.9999938011169434,,1.1811467528351918,HOLD
2025-05-22,holding,21670.96,,0.9999938011169434,,1.1739446748230629,HOLD
2025-05-23,holding,21652.24,,0.9999938011169434,,1.1729305875693055,HOLD
2025-05-26,holding,21536.57,,0.9999938011169434,,1.1666645900991064,HOLD
2025-05-27,holding,21336.54,,0.9999938011169434,,1.1558286994276799,HOLD
2025-05-28,holding,21357.72,,0.9999938011169434,,1.156976048147476,HOLD
2025-05-29,holding,21347.3,,0.9999938011169434,,1.1564115829132797,HOLD
2025-06-02,holding,21002.71,,0.9999938011169434,,1.137744685115615,HOLD
2025-06-03,holding,21126.93,,0.9999938011169434,,1.14447384743729,HOLD
2025-06-04,holding,21618.09,,0.9999938011169434,,1.1710806367297852,HOLD
2025-06-05,holding,21674.43,,0.9999938011169434,,1.1741326493300361,HOLD
2025-06-06,holding,21660.66,,0.9999938011169434,,1.1733867101481856,HOLD
2025-06-09,holding,21790.29,,0.9999938011169434,,1.1804089393524901,HOLD
2025-06-10,holding,22242.14,,0.9999938011169434,,1.20488625375475,HOLD
2025-06-11,holding,22470.1,,0.9999938011169434,,1.217235149607664,HOLD
2025-06-12,holding,22287.82,,0.9999938011169434,,1.2073608000021667,HOLD
2025-06-13,holding,22072.95,,0.9999938011169434,,1.1957210068282957,HOLD
2025-06-16,holding,22049.9,,0.9999938011169434,,1.1944723577257794,HOLD
2025-06-17,holding,22211.59,,0.9999938011169434,,1.2032313196947988,HOLD
2025-06-18,holding,22356.73,,0.9999938011169434,,1.2110937461910785,HOLD
2025-06-19,holding,22003.5,,0.9999938011169434,,1.1919588081224488,HOLD
2025-06-20,holding,22045.74,,0.9999938011169434,,1.194247005002722,HOLD
2025-06-23,holding,21732.02,,0.9999938011169434,,1.1772523760898594,HOLD
2025-06-24,holding,22188.76,,0.9999938011169434,,1.2019945882843668,HOLD
2025-06-25,holding,22430.61,,0.9999938011169434,,1.2150959238784504,HOLD
2025-06-26,holding,22492.34,,0.9999938011169434,,1.2184399199347777,HOLD
2025-06-27,holding,22580.08,,0.9999938011169434,,1.2231929122234892,HOLD
2025-06-30,holding,22256.02,,0.9999938011169434,,1.2056381517826429,HOLD
2025-07-01,holding,22553.72,,0.9999938011169434,,1.2217649560264248,HOLD
2025-07-02,holding,22577.74,,0.9999938011169434,,1.2230661513167695,HOLD
2025-07-03,holding,22712.97,,0.9999938011169434,,1.2303917399559587,HOLD
2025-07-04,holding,22547.5,,0.9999938011169434,,1.221428010368392,HOLD
2025-07-07,holding,22428.72,,0.9999938011169434,,1.2149935400691767,HOLD
2025-07-08,holding,22362.27,,0.9999938011169434,,1.2113938553463037,HOLD
2025-07-09,holding,22527.01,,0.9999938011169434,,1.2203180398646798,HOLD
2025-07-10,holding,22693.25,,0.9999938011169434,,1.2293234813745433,HOLD
2025-07-11,holding,22751.03,,0.9999938011169434,,1.2324535006866215,HOLD
2025-07-14,holding,22614.97,,0.9999938011169434,,1.2250829498454763,HOLD
2025-07-15,holding,22835.94,,0.9999938011169434,,1.2370531881180609,HOLD
2025-07-16,holding,23042.9,,0.9999938011169434,,1.2482644860901573,HOLD
2025-07-17,holding,23113.28,,0.9999938011169434,,1.2520770641307262,HOLD
2025-07-18,holding,23383.13,,0.9999938011169434,,1.2666951968992333,HOLD
2025-07-21,holding,23340.56,,0.9999938011169434,,1.2643891234808329,HOLD
2025-07-22,holding,22987.92,,0.9999938011169434,,1.2452861464955212,HOLD
2025-07-23,holding,23318.67,,0.9999938011169434,,1.2632033131183995,HOLD
2025-07-24,holding,23373.73,,0.9999938011169434,,1.2661859864192482,HOLD
2025-07-25,holding,23364.38,,0.9999938011169434,,1.265679484505646,HOLD
2025-07-28,holding,23412.98,,0.9999938011169434,,1.268312211029824,HOLD
2025-07-29,holding,23201.52,,0.9999938011169434,,1.2568571420832668,HOLD
2025-07-30,holding,23461.72,,0.9999938011169434,,1.2709525215398743,HOLD
2025-07-31,holding,23542.52,,0.9999938011169434,,1.2753295648146392,HOLD
2025-08-01,holding,23434.38,,0.9999938011169434,,1.2694714774417049,HOLD
2025-08-04,holding,23378.94,,0.9999938011169434,,1.266468219036346,HOLD
2025-08-05,holding,23660.59,,0.9999938011169434,,1.2817255734712174,HOLD
2025-08-06,holding,23447.36,,0.9999938011169434,,1.2701746212747056,HOLD
2025-08-07,holding,24003.77,,0.9999938011169434,,1.3003160896968844,HOLD
2025-08-08,holding,24021.26,,0.9999938011169434,,1.3012635462176223,HOLD
2025-08-11,holding,24135.5,,0.9999938011169434,,1.3074520786892705,HOLD
2025-08-12,holding,24158.36,,0.9999938011169434,,1.308690435239532,HOLD
2025-08-13,holding,24370.02,,0.9999938011169434,,1.3201563384516208,HOLD
2025-08-14,holding,24238.1,,0.9999938011169434,,1.3130100569069796,HOLD
2025-08-15,holding,24334.48,,0.9999938011169434,,1.318231089466656,HOLD
2025-08-18,holding,24482.52,,0.9999938011169434,,1.3262506128131442,HOLD
2025-08-19,holding,24353.5,,0.9999938011169434,,1.319261428118711,HOLD
2025-08-20,holding,23625.44,,0.9999938011169434,,1.2798214513040391,HOLD
2025-08-21,holding,23962.13,,0.9999938011169434,,1.298060395613206,HOLD
2025-08-22,holding,23764.47,,0.9999938011169434,,1.2873528909883287,HOLD
2025-08-25,holding,24277.38,,0.9999938011169434,,1.3151379066573854,HOLD
2025-08-26,holding,24305.1,,0.9999938011169434,,1.3166395358600644,HOLD
2025-08-27,holding,24519.9,,0.9999938011169434,,1.3282755370409995,HOLD
2025-08-28,holding,24236.45,,0.9999938011169434,,1.312920674216344,HOLD
2025-08-29,holding,24233.1,,0.9999938011169434,,1.3127392002686897,HOLD
2025-09-01,holding,24071.73,,0.9999938011169434,,1.3039975731245208,HOLD
2025-09-02,holding,24016.78,,0.9999938011169434,,1.3010208586697145,HOLD
2025-09-03,holding,24100.3,,0.9999938011169434,,1.3055452479557095,HOLD
2025-09-04,holding,24179.85,,0.9999938011169434,,1.309854577070902,HOLD
2025-09-05,holding,24494.58,,0.9999938011169434,,1.3269039190246994,HOLD
2025-09-08,holding,24547.38,,0.9999938011169434,,1.329764165125041,HOLD
2025-09-09,holding,24855.18,,0.9999938011169434,,1.3464380997781684,HOLD
2025-09-10,holding,25192.59,,0.9999938011169434,,1.3647160474432487,HOLD
2025-09-11,holding,25215.71,,0.9999938011169434,,1.3659684885387013,HOLD
2025-09-12,holding,25474.64,,0.9999938011169434,,1.379995070409183,HOLD
2025-09-15,holding,25357.16,,0.9999938011169434,,1.3736310228359232,HOLD
2025-09-16,holding,25629.64,,0.9999938011169434,,1.3883916261961706,HOLD
2025-09-17,holding,25438.25,,0.9999938011169434,,1.378023775795709,HOLD
2025-09-18,holding,25769.36,,0.9999938011169434,,1.395960444096544,HOLD
2025-09-19,holding,25578.37,,0.9999938011169434,,1.3856142622271457,HOLD
2025-09-22,holding,25880.6,,0.9999938011169434,,1.401986462585218,HOLD
2025-09-23,holding,26247.37,,0.9999938011169434,,1.4218548804303368,HOLD
2025-09-24,holding,26196.73,,0.9999938011169434,,1.4191116443977367,HOLD
2025-09-25,holding,26023.85,,0.9999938011169434,,1.4097465052722242,HOLD
2025-09-26,idle,25580.32,1.0,,BUY,,
2025-09-30,holding,25820.54,,0.9999938011169434,,1.0093908129374458,HOLD
2025-10-01,holding,25982.91,,0.9999938011169434,,1.015738270670578,HOLD
2025-10-02,holding,26378.39,,0.9999938011169434,,1.0311985932935945,HOLD
2025-10-03,holding,26761.06,,0.9999938011169434,,1.0461581403203712,HOLD
2025-10-07,holding,27211.95,,0.9999938011169434,,1.0637845812718527,HOLD
2025-10-08,holding,27063.68,,0.9999938011169434,,1.0579883285275555,HOLD
2025-10-09,holding,27301.92,,0.9999938011169434,,1.0673017382112497,HOLD
2025-10-13,holding,26923.42,,0.9999938011169434,,1.0525052071279797,HOLD
2025-10-14,holding,26793.15,,0.9999938011169434,,1.0474126203268763,HOLD
2025-10-15,holding,27275.71,,0.9999938011169434,,1.0662771224128549,HOLD
2025-10-16,holding,27647.87,,0.9999938011169434,,1.0808258067139114,HOLD
2025-10-17,holding,27302.37,,0.9999938011169434,,1.0673193298598298,HOLD
2025-10-20,holding,27688.63,,0.9999938011169434,,1.0824192191497215,HOLD
2025-10-21,holding,27752.41,,0.9999938011169434,,1.0849125421417716,HOLD
2025-10-22,holding,27648.91,,0.9999938011169434,,1.080866462968407,HOLD
2025-10-23,holding,27532.26,,0.9999938011169434,,1.076306316730987,HOLD
2025-10-27,holding,27993.63,,0.9999938011169434,,1.0943424476316168,HOLD
2025-10-28,holding,27949.11,,0.9999938011169434,,1.092602047198784,HOLD
2025-10-29,holding,28294.74,,0.9999938011169434,,1.1061136060846777,HOLD
2025-10-30,holding,28287.53,,0.9999938011169434,,1.105831748781876,HOLD
2025-10-31,holding,28233.35,,0.9999938011169434,,1.1037137142928626,HOLD
2025-11-03,holding,28334.59,,0.9999938011169434,,1.107671444297804,HOLD
2025-11-04,holding,28116.56,,0.9999938011169434,,1.0991480950981067,HOLD
2025-11-05,holding,27717.06,,0.9999938011169434,,1.0835306204144437,HOLD
2025-11-06,holding,27899.45,,0.9999938011169434,,1.090660711046617,HOLD
2025-11-07,holding,27651.41,,0.9999938011169434,,1.0809641943494062,HOLD
2025-11-10,holding,27869.51,,0.9999938011169434,,1.0894902800277713,HOLD
2025-11-11,holding,27784.95,,0.9999938011169434,,1.0861846137968563,HOLD
2025-11-12,holding,27947.09,,0.9999938011169434,,1.0925230802429369,HOLD
2025-11-13,holding,27903.56,,0.9999938011169434,,1.0908213814369798,HOLD
2025-11-14,holding,27397.5,,0.9999938011169434,,1.0710382043696092,HOLD
2025-11-17,holding,27447.31,,0.9999938011169434,,1.072985404404636,HOLD
2025-11-18,holding,26756.12,,0.9999938011169434,,1.045965023111517,HOLD
2025-11-19,holding,26580.12,,0.9999938011169434,,1.0390847338891773,HOLD
2025-11-20,holding,27426.36,,0.9999938011169434,,1.0721664154318633,HOLD
2025-11-21,holding,26434.94,,0.9999938011169434,,1.033409277131795,HOLD
2025-11-24,holding,26504.24,,0.9999938011169434,,1.0361183910130913,HOLD
2025-11-25,holding,26912.17,,0.9999938011169434,,1.0520654159134835,HOLD
2025-11-26,holding,27409.54,,0.9999938011169434,,1.0715088787005012,HOLD
2025-11-27,holding,27554.53,,0.9999938011169434,,1.0771769078729272,HOLD
2025-11-28,holding,27626.48,,0.9999938011169434,,1.0799896170180827,HOLD
2025-12-01,holding,27342.53,,0.9999938011169434,,1.0688892867642,HOLD
2025-12-02,holding,27564.27,,0.9999938011169434,,1.0775576693333,HOLD
2025-12-03,holding,27793.04,,0.9999938011169434,,1.0865008725457697,HOLD
2025-12-04,holding,27795.71,,0.9999938011169434,,1.0866052496606766,HOLD
2025-12-05,holding,27980.89,,0.9999938011169434,,1.093844408514045,HOLD
2025-12-08,holding,28303.78,,0.9999938011169434,,1.1064670027583705,HOLD
2025-12-09,holding,28182.6,,0.9999938011169434,,1.10172976725858,HOLD
2025-12-10,holding,28400.73,,0.9999938011169434,,1.1102570257135174,HOLD
2025-12-11,holding,28024.75,,0.9999938011169434,,1.095559007862294,HOLD
